"sim_id","param_id","replicate","converged","error_msg","method","alpha","nominal_coverage","R0_true","D_true","R0_point_estimate","D_point_estimate","R0_lower_bound","R0_upper_bound","D_lower_bound","D_upper_bound","R0_interval_width","D_interval_width","R0_coverage","D_coverage","R0_error","D_error","R0_abs_error","D_abs_error","R0_interval_score","D_interval_score","nll","rhat_R0","rhat_recovery_time","rhat_beta","rhat_gamma","ess_bulk_R0","ess_bulk_recovery_time","ess_bulk_beta","ess_bulk_gamma","ess_tail_R0","ess_tail_recovery_time","n_divergences","n_max_treedepth"
"test_p04275_r0",4275,0,TRUE,NA,"bayes",0.05,0.95,1.2434,2.2683,1.20102712336667,1.52087898936667,1.1899473875,1.213351875,1.4565257475,1.5916386125,0.0234044875000001,0.135112865,FALSE,FALSE,-0.04237287663333,-0.74742101063333,0.04237287663333,0.74742101063333,1.2253294875,27.201568365,NA,1.00643446700656,1.00867305514711,1.00848124319329,1.00883636539044,632.236837239418,591.572499416825,598.697678597526,591.571826101918,827.611625170506,747.538284269797,0,0
"test_p02179_r0",2179,0,TRUE,NA,"bayes",0.05,0.95,1.0918,2.5984,1.99768507509333,5.51387297912667,1.0432309825,4.5156985325,1.3733482375,14.099594275,3.47246755,12.7262460375,TRUE,TRUE,0.90588507509333,2.91547297912667,0.90588507509333,2.91547297912667,3.47246755,12.7262460375,NA,1.00801948212205,1.00720118945151,1.0045361243618,1.00720118945151,471.925046002046,479.935003742086,656.644428639405,479.935003742086,445.929373313694,405.231316122129,0,0
"test_p00799_r0",799,0,TRUE,NA,"bayes",0.05,0.95,1.0281,4.3783,2.13114667677667,8.6381575808,1.0950818275,3.6043869075,2.5542891925,15.060953025,2.50930508,12.5066638325,FALSE,TRUE,1.10304667677667,4.2598575808,1.10304667677667,4.2598575808,5.18857818,12.5066638325,NA,1.0024624257562,1.00208601313889,1.00139272080566,1.00166196184,569.711742457323,540.289473895883,799.244281957005,540.289473895883,528.686350617698,563.014289267963,0,0
"test_p04588_r0",4588,0,TRUE,NA,"bayes",0.05,0.95,1.1891,5.4046,1.06450030463333,1.1303048753,1.0593909875,1.069844735,1.0722620375,1.1938901575,0.0104537474999999,0.12162812,FALSE,FALSE,-0.12459969536667,-4.2742951247,0.12459969536667,4.2742951247,4.7806643475,168.55002182,NA,1.00028651415654,1.00081482528931,1.00080414001599,1.00081481222892,966.241092993829,991.40710526259,1022.5331280622,991.408471505273,1160.54494200629,1159.25959377182,0,0
"test_p03909_r0",3909,0,TRUE,NA,"bayes",0.05,0.95,1.0683,6.2081,1.01734771066667,1.36737741669,1.01105894,1.0273954225,1.015494535,1.876131905,0.0163364824999999,0.86063737,FALSE,FALSE,-0.0509522893333301,-4.84072258331,0.0509522893333301,4.84072258331,1.6525195825,174.13936117,NA,1.0011827223462,1.00298466014927,1.00332471322738,1.00323081892056,912.996378033553,799.991833340358,803.505339627717,799.990865527815,765.960562152253,749.561274936682,0,0
"test_p04054_r0",4054,0,TRUE,NA,"bayes",0.05,0.95,1.045,8.2048,1.00498411255667,2.11599863805,0.9820465535,1.057966865,1.072702415,3.983846255,0.0759203115,2.91114384,TRUE,FALSE,-0.0400158874433298,-6.08880136195,0.0400158874433298,6.08880136195,0.0759203115,171.74929364,NA,1.0034665157577,1.00599608897694,1.0066897306889,1.00681942680475,462.727659897723,507.381005086277,512.106253034682,507.381005086277,477.735972506281,484.425774842631,0,0
"test_p03329_r0",3329,0,TRUE,NA,"bayes",0.05,0.95,1.0852,9.2476,1.1348861787,5.96623369743333,1.12585361,1.143892205,5.6690326175,6.2736823425,0.0180385949999999,0.604649725,FALSE,FALSE,0.0496861787,-3.28136630256667,0.0496861787,3.28136630256667,1.644182995,119.561356025,NA,1.0058615780465,1.00650385064121,1.00636454189528,1.00650392281438,690.727346982862,688.730254560205,711.286271492172,688.730943024725,558.178515809205,590.554932517139,0,0
"test_p01361_r0",1361,0,TRUE,NA,"bayes",0.05,0.95,1.2466,11.0386,1.30519685463333,13.5580463226667,1.287010075,1.3232091975,12.93264385,14.175211025,0.0361991225,1.242567175,FALSE,FALSE,0.05859685463333,2.5194463226667,0.05859685463333,2.5194463226667,1.6526021225,77.004321175,NA,1.00436403251808,1.0036730780063,1.00326153725901,1.00367302190402,514.54631195568,532.630349105943,561.271184848225,532.631965768975,665.158813162513,681.067553170234,0,0
"test_p03052_r0",3052,0,TRUE,NA,"bayes",0.05,0.95,1.0572,12.444,1.37525346404667,9.54120031757333,0.97070992475,1.9114351525,3.3507386275,15.103436975,0.94072522775,11.7526983475,TRUE,TRUE,0.31805346404667,-2.90279968242667,0.31805346404667,2.90279968242667,0.94072522775,11.7526983475,NA,1.00342057465561,1.00425840358524,1.00420541526618,1.00425840358524,511.751958028924,519.455314190574,660.286989129419,519.455314190574,628.31273930803,564.72514621662,0,0
"test_p04517_r0",4517,0,FALSE,NA,"bayes",0.05,0.95,1.0176,13.0651,1.02888692216667,4.481746009,0.99090316775,1.1091461625,2.2404023325,8.3571308975,NA,NA,NA,NA,NA,NA,NA,NA,NA,NA,NA,1.00726473953655,1.01129552299616,1.01122439962508,1.0112955229899,402.556011332687,357.305737010985,360.560390791642,357.305972643099,592.133502939458,493.170554658583,0,0
"test_p00376_r0",376,0,FALSE,NA,"bayes",0.05,0.95,1.3196,1.0725,7.7600648782,7.08724670169667,1.3988530475,10.9972361,0.900133744,10.434516,NA,NA,NA,NA,NA,NA,NA,NA,NA,NA,NA,1.66588572574175,1.66207852953035,1.66439002636506,1.66213155077313,4.83401796318359,4.86726440206086,4.82525892003892,4.86726809762681,46.8746449811741,46.2632582139927,0,0
"test_p02853_r0",2853,0,TRUE,NA,"bayes",0.05,0.95,1.5789,2.5685,1.5582111216,2.28354129313333,1.5221350475,1.5972487075,2.1679027775,2.4051720325,0.07511366,0.237269255,TRUE,FALSE,-0.0206888783999999,-0.28495870686667,0.0206888783999999,0.28495870686667,0.07511366,6.770387955,NA,1.00747728237728,1.00691086875465,1.00514689326433,1.00676782984578,556.411846544676,569.435752949215,604.649039873191,569.435483317525,549.297157684024,530.356988615361,0,0
"test_p00149_r0",149,0,TRUE,NA,"bayes",0.05,0.95,1.4234,4.175,1.3577253665,2.890291989,1.336965705,1.3799259775,2.76202859,3.0243279425,0.0429602725,0.2622993525,FALSE,FALSE,-0.0656746335,-1.284708011,0.0656746335,1.284708011,1.7819211725,46.2891816525,NA,1.00668205424889,1.00619788798168,1.00566404857399,1.00619788798168,499.197978265415,505.821924776295,527.450357185306,505.821924776295,596.840157992876,638.927699235941,0,0
"test_p02913_r0",2913,0,TRUE,NA,"bayes",0.05,0.95,1.4168,5.4718,1.39382476486667,3.82888428116667,1.3693172,1.419439865,3.653285635,4.0198102575,0.050122665,0.3665246225,TRUE,FALSE,-0.0229752351333301,-1.64291571883333,0.0229752351333301,1.64291571883333,0.050122665,58.4461143225,NA,1.00553485967557,1.00491519485608,1.00449987994965,1.00491514094544,434.140402057878,440.398455661413,459.670785922895,440.398010777301,375.822417271414,380.508968375871,0,0
"test_p04278_r0",4278,0,TRUE,NA,"bayes",0.05,0.95,1.4551,7.065,1.4751967675,8.2714831618,1.4454059025,1.5044620875,7.8616310125,8.6797244875,0.0590561850000002,0.818093475,TRUE,FALSE,0.0200967674999999,1.2064831618,0.0200967674999999,1.2064831618,0.0590561850000002,32.683333975,NA,1.00346502516849,1.00423500924767,1.00452678712475,1.00423506819503,531.022159222789,523.071696600104,539.013839810513,523.071082271355,649.45047960196,682.762823423383,0,0
"test_p01412_r0",1412,0,TRUE,NA,"bayes",0.05,0.95,1.322,8.1275,1.12862308126667,8.87583391056667,1.120632345,1.1366394025,8.4644284025,9.27011206,0.0160070575,0.805683657500001,FALSE,FALSE,-0.19337691873333,0.74833391056667,0.19337691873333,0.74833391056667,7.4304309575,14.2828197575,NA,1.00195948414738,1.00359018934166,1.00319884209872,1.00345451826987,712.992835349185,726.554525770244,753.536374619495,726.556290832372,781.211953192291,743.301829176403,0,0
"test_p00042_r0",42,0,TRUE,NA,"bayes",0.05,0.95,1.3378,9.7582,1.3494937518,8.7968454525,1.330764645,1.3693118,8.4283234575,9.1920738225,0.0385471550000001,0.763750365,TRUE,FALSE,0.0116937518,-0.961354547500001,0.0116937518,0.961354547500001,0.0385471550000001,23.408797465,NA,1.00254010164986,1.00258927570647,1.0032482854312,1.00267101366799,548.165717975241,538.586012491801,555.534384951652,538.587369108616,476.018230738855,500.564951113977,0,0
"test_p00130_r0",130,0,FALSE,NA,"bayes",0.05,0.95,1.3033,11.1647,1.2749301546,6.3626015458,0.96262629525,1.991186635,1.87275006,13.956691625,NA,NA,NA,NA,NA,NA,NA,NA,NA,NA,NA,1.01018095236064,1.00976049983256,1.00723173601662,1.00976049983256,395.789073939436,412.751536431308,455.297834280332,412.751536431308,565.252075486639,634.285481083014,0,0
"test_p02047_r0",2047,0,FALSE,NA,"bayes",0.05,0.95,1.4453,12.3426,1.3981499603,9.15581920976667,1.37201036,1.424071165,8.686510555,9.6047011925,NA,NA,NA,NA,NA,NA,NA,NA,NA,NA,NA,1.0049506710646,1.00435241655424,1.00389672545965,1.00435238280462,357.59608505681,351.00256107488,361.634186188915,351.002568567186,291.774059614134,295.328305536002,0,0
"test_p00150_r0",150,0,TRUE,NA,"bayes",0.05,0.95,1.5375,13.4188,1.50722814923333,12.4208035956667,1.477040825,1.540933105,11.8512063,13.056125775,0.0638922799999999,1.204919475,TRUE,FALSE,-0.0302718507666702,-0.9979964043333,0.0302718507666702,0.9979964043333,0.0638922799999999,15.711888475,NA,1.00687004732689,1.00687305942992,1.00669163491003,1.00687310751315,516.146131976983,508.656369501949,526.170575587272,508.655538230063,595.437636354182,624.831838342259,0,0
"test_p00000_r0",0,0,TRUE,NA,"bayes",0.05,0.95,1.6638,1.2998,1.6952218677,1.46771526586667,1.6499107925,1.743582045,1.3909839475,1.54940116,0.0936712524999999,0.1584172125,TRUE,FALSE,0.0314218677,0.16791526586667,0.0314218677,0.16791526586667,0.0936712524999999,3.8057751125,NA,1.00696464569543,1.00693469231776,1.00668611248268,1.00693469231801,611.806503736801,618.154480418166,645.679345323011,618.155166656993,505.900592493469,433.040203284015,0,0
"test_p03030_r0",3030,0,TRUE,NA,"bayes",0.05,0.95,1.6645,2.9873,1.61776926133333,2.6362044357,1.57376438,1.662072275,2.4891386375,2.7849047725,0.088307895,0.295766135,FALSE,FALSE,-0.04673073866667,-0.3510955643,0.04673073866667,0.3510955643,0.185416895,8.39157523499999,NA,1.0036024718876,1.00413927304411,1.00342283976817,1.00403802175439,413.769138518753,417.425511463316,437.456784735043,417.425813942702,356.449209248037,340.863514260114,0,0
"test_p04993_r0",4993,0,FALSE,NA,"bayes",0.05,0.95,1.9783,4.7296,1.86157722393333,3.98606734523333,1.7932537125,1.9364669,3.73682104,4.25263701,NA,NA,NA,NA,NA,NA,NA,NA,NA,NA,NA,1.01106780965363,1.01141726184844,1.01122824759997,1.01141726184844,369.715045642004,370.238975054135,384.335525287224,370.238975054135,538.979416554848,523.659643800507,0,0
"test_p03977_r0",3977,0,TRUE,NA,"bayes",0.05,0.95,1.5938,5.4167,1.59837376956667,5.98596090613333,1.5615816075,1.6369329925,5.6971537225,6.2916504475,0.075351385,0.594496725,TRUE,FALSE,0.00457376956666988,0.56926090613333,0.00457376956666988,0.56926090613333,0.075351385,11.812645625,NA,1.00562558399418,1.00586115538297,1.0056746799192,1.00586118292889,465.446456961381,445.31967248583,451.925310929139,445.318639952638,468.077740512755,457.764496551556,0,0
"test_p02823_r0",2823,0,TRUE,NA,"bayes",0.05,0.95,1.6658,6.6866,1.17090087352667,4.08783987253667,0.95845530175,1.8105483975,1.30745215,10.374244075,0.85209309575,9.066791925,TRUE,TRUE,-0.49489912647333,-2.59876012746333,0.49489912647333,2.59876012746333,0.85209309575,9.066791925,NA,1.00678311236688,1.00690961114628,1.00504008943941,1.00606010753464,442.573729788002,495.433977986824,548.189835048572,495.433977986824,401.737960310909,389.661575012438,0,0
"test_p00839_r0",839,0,TRUE,NA,"bayes",0.05,0.95,1.6278,8.2715,1.6135372394,8.0336021149,1.57372289,1.658809045,7.6217401625,8.5045928875,0.0850861549999999,0.882852724999999,TRUE,TRUE,-0.0142627605999999,-0.237897885099999,0.0142627605999999,0.237897885099999,0.0850861549999999,0.882852724999999,NA,1.01020166960588,1.01081394864413,1.01086779617991,1.01081396397758,454.734638488959,452.472203210226,466.120771685133,452.470737229423,410.35176680465,391.975843764174,0,0
"test_p01782_r0",1782,0,FALSE,NA,"bayes",0.05,0.95,1.6629,9.965,1.63754437506667,12.3474709676667,1.598568185,1.6823399325,11.7484668,13.015118275,NA,NA,NA,NA,NA,NA,NA,NA,NA,NA,NA,1.01439286470999,1.01568065975481,1.01579052374365,1.01568064554936,396.947993662613,382.996238654228,391.710502920377,382.995081084424,383.672420213324,360.098611162878,0,0
"test_p00831_r0",831,0,TRUE,NA,"bayes",0.05,0.95,1.6394,11.0998,1.67542792506667,12.823053398,1.6337971525,1.7165313525,12.188251525,13.4367333,0.0827342000000002,1.248481775,TRUE,FALSE,0.03602792506667,1.723253398,0.03602792506667,1.723253398,0.0827342000000002,44.786542775,NA,1.02577400062971,1.02552371125044,1.02337125815636,1.02552371082693,446.522329069868,448.81293785736,489.001337020689,448.814184186017,584.664749874975,436.042593146364,0,0
"test_p00844_r0",844,0,TRUE,NA,"bayes",0.05,0.95,1.7556,11.891,1.69692551033333,9.21361668976667,1.64785483,1.7516528275,8.699786,9.7895863325,0.1037979975,1.0898003325,FALSE,FALSE,-0.05867448966667,-2.67738331023333,0.05867448966667,2.67738331023333,0.261684897499999,85.1463470325,NA,1.00751136439453,1.00757152978737,1.00692306857049,1.00735950192166,454.398416476799,450.069573659864,461.671702944007,450.070105789508,286.266591415805,281.284976851775,0,0
"test_p03708_r0",3708,0,TRUE,NA,"bayes",0.05,0.95,1.7863,13.5807,1.82265681596667,12.6564883883333,1.7601009325,1.89681919,11.905514625,13.528464775,0.1367182575,1.62295015,TRUE,FALSE,0.0363568159666701,-0.924211611666701,0.0363568159666701,0.924211611666701,0.1367182575,3.71235915000002,NA,1.01815521818799,1.01738865431597,1.01440989639776,1.01697839022492,415.960711246167,413.044726288245,431.676102689576,413.044672811047,400.544097265254,394.224227923437,0,0
"test_p00363_r0",363,0,FALSE,NA,"bayes",0.05,0.95,2.4411,1.4252,3.69197671803333,1.8525070575,3.40114092,3.9838692125,1.6966663525,2.0044786175,NA,NA,NA,NA,NA,NA,NA,NA,NA,NA,NA,1.00793036782292,1.00855049273274,1.00593937694156,1.00855049273274,364.53972507898,366.790059351109,1094.29312757135,366.790059351109,341.026097882522,340.329656888822,0,0
"test_p00683_r0",683,0,TRUE,NA,"bayes",0.05,0.95,2.4073,2.6126,2.16759157143333,3.00552653923333,2.0869914375,2.257293705,2.837959355,3.191824015,0.1703022675,0.35386466,FALSE,FALSE,-0.23970842856667,0.39292653923333,0.23970842856667,0.39292653923333,6.17055406750001,9.36823886000001,NA,1.00827902775874,1.00745275428624,1.00544433930819,1.00745275428624,456.79324415391,461.186300347445,502.828544802247,461.186300347445,530.835481667646,499.693888098514,0,0
"test_p03796_r0",3796,0,FALSE,NA,"bayes",0.05,0.95,2.2106,4.4981,2.17594860656667,4.8474602318,2.0837810225,2.277145305,4.541936505,5.18131362,NA,NA,NA,NA,NA,NA,NA,NA,NA,NA,NA,1.00240191741369,1.00265758757334,1.00294154637113,1.00265758757334,359.388764007724,362.000271603891,392.082603988181,362.000271603891,417.992305425754,407.369880501998,0,0
"test_p02524_r0",2524,0,TRUE,NA,"bayes",0.05,0.95,2.0725,5.7499,2.0451980735,5.8302016889,1.9617154475,2.13685492,5.4621892375,6.23655627,0.1751394725,0.774367032500001,TRUE,TRUE,-0.0273019264999999,0.0803016888999997,0.0273019264999999,0.0803016888999997,0.1751394725,0.774367032500001,NA,1.00203822578349,1.00189279810044,1.0025368428732,1.00207972048757,645.43473088621,641.447215470687,668.160223350501,641.447215470687,625.96896474439,656.058991198891,0,0
"test_p01530_r0",1530,0,TRUE,NA,"bayes",0.05,0.95,2.2392,6.4069,2.25690469686667,6.99050228613333,2.1527838625,2.378151235,6.533728835,7.535144295,0.2253673725,1.00141546,TRUE,FALSE,0.0177046968666703,0.583602286133329,0.0177046968666703,0.583602286133329,0.2253673725,6.07456885999998,NA,1.00366323165633,1.00391107973527,1.00294799085079,1.00388877065609,411.994203751672,413.352687267972,448.19707032219,413.3520856879,398.348760816551,407.479901832108,0,0
"test_p04499_r0",4499,0,TRUE,NA,"bayes",0.05,0.95,2.0515,7.8154,2.06176206903333,8.44201771516667,1.9798245275,2.1496972675,7.92270784,8.9952873025,0.16987274,1.0725794625,TRUE,FALSE,0.0102620690333302,0.62661771516667,0.0102620690333302,0.62661771516667,0.16987274,5.36489306249999,NA,1.00635759047444,1.00686711588984,1.00723042368699,1.00686720070192,468.306642269223,458.639951763905,463.213041867778,458.640281439065,500.709665906807,544.577521370105,0,0
"test_p04067_r0",4067,0,TRUE,NA,"bayes",0.05,0.95,2.0887,8.8745,2.0388620703,10.0619453108333,1.9617807125,2.1197845025,9.4635661,10.6897597,0.15800379,1.2261936,TRUE,FALSE,-0.0498379296999998,1.1874453108333,0.0498379296999998,1.1874453108333,0.15800379,24.7888376,NA,1.0118529583475,1.01238323553063,1.01067971719235,1.01258483261048,495.42997240612,492.255153058868,514.499366036623,492.258050856678,439.486930409122,470.875742773301,0,0
"test_p03526_r0",3526,0,TRUE,NA,"bayes",0.05,0.95,2.3969,10.2648,2.36574992906667,10.2073509315667,2.2386299775,2.512903445,9.4491320575,11.094573775,0.2742734675,1.6454417175,TRUE,TRUE,-0.0311500709333301,-0.0574490684333,0.0311500709333301,0.0574490684333,0.2742734675,1.6454417175,NA,1.01010221654314,1.0134247516388,1.01273940283001,1.01336813964084,433.827687010098,433.102531939926,469.794679094295,433.102904458906,285.338350096533,339.112440370113,0,0
"test_p01761_r0",1761,0,FALSE,NA,"bayes",0.05,0.95,2.1419,11.9972,2.75372290336667,13.2472024243333,2.4607047425,3.04601424,11.480655425,14.937618675,NA,NA,NA,NA,NA,NA,NA,NA,NA,NA,NA,1.00663859046273,1.0068038196659,1.00718513183713,1.00680381966598,299.730220588874,289.469389650129,268.02128835049,289.468476636214,427.130188027496,424.140224020416,0,0
"test_p03564_r0",3564,0,TRUE,NA,"bayes",0.05,0.95,2.1025,13.2651,2.00890980606667,12.0442336246667,1.9292349025,2.101075995,11.28648155,12.911481425,0.1718410925,1.624999875,FALSE,FALSE,-0.0935901939333301,-1.2208663753333,0.0935901939333301,1.2208663753333,0.228801292500002,15.769742875,NA,1.01548796805018,1.01509757159692,1.01353877467845,1.01509773375343,437.362177713074,441.668458876151,476.73103331868,441.666051414217,447.482466989522,484.638922399247,0,0
"test_p00919_r0",919,0,FALSE,NA,"bayes",0.05,0.95,2.5682,1.9801,2.21674199426667,1.85931711483333,2.12048765,2.3179675025,1.73970407,1.981204655,NA,NA,NA,NA,NA,NA,NA,NA,NA,NA,NA,1.01076919944035,1.01045743595587,1.00909216540655,1.01045736654811,345.255231644187,350.794679126502,387.649456593478,350.794770250439,308.319158109911,299.857381306634,0,0
"test_p03323_r0",3323,0,TRUE,NA,"bayes",0.05,0.95,3.1105,2.3166,2.29920664163333,2.23665690413333,2.22054044,2.388198465,2.126461865,2.361533435,0.167658025,0.23507157,FALSE,TRUE,-0.81129335836667,-0.0799430958666703,0.81129335836667,0.0799430958666703,29.059719425,0.23507157,NA,1.00351572017462,1.00301681000102,1.00176842753078,1.00301678550135,522.795693027696,519.463670073195,569.55558044775,519.464100067821,561.750169450321,550.40274493572,0,0
"test_p03155_r0",3155,0,FALSE,NA,"bayes",0.05,0.95,2.995,3.6001,2.6737162932,3.42423703206667,2.5261916675,2.8280280375,3.174091335,3.6725065325,NA,NA,NA,NA,NA,NA,NA,NA,NA,NA,NA,1.01370424889662,1.01371156659741,1.0113584410744,1.01371156551674,273.321013615975,275.939146513493,324.353422786386,275.93906891724,196.457191280456,205.148869609905,0,0
"test_p01031_r0",1031,0,TRUE,NA,"bayes",0.05,0.95,2.7627,5.4841,2.72677619526667,5.35751821083333,2.55010462,2.90561605,4.91913909,5.7943766675,0.35551143,0.8752375775,TRUE,TRUE,-0.0359238047333301,-0.12658178916667,0.0359238047333301,0.12658178916667,0.35551143,0.8752375775,NA,1.01562049392038,1.01607135125612,1.00748820663476,1.01618927266079,437.287288586512,436.237820764272,489.059137537289,436.237856179472,501.400298840612,484.164230072526,0,0
"test_p04541_r0",4541,0,FALSE,NA,"bayes",0.05,0.95,2.6878,7.2943,2.49697299053333,7.36276588483333,2.3738848475,2.62621307,6.8711543525,7.8774377925,NA,NA,NA,NA,NA,NA,NA,NA,NA,NA,NA,1.00139455261198,1.00157355344123,1.0017289460446,1.00157354190868,400.967757838354,398.476379925477,438.506558076556,398.475003805203,479.551141009048,470.836665483608,0,0
"test_p04012_r0",4012,0,TRUE,NA,"bayes",0.05,0.95,2.5914,8.7282,3.1868870087,10.6068686621333,2.9790498075,3.411566925,9.79555103,11.465808225,0.4325171175,1.670257195,FALSE,FALSE,0.5954870087,1.8786686621333,0.5954870087,1.8786686621333,15.9385094175,44.364298395,NA,1.00442526172167,1.00436694839317,1.00215105624246,1.00436699159346,477.098931474494,474.569058647907,670.813905609019,474.569059781033,471.410843883022,456.995123833353,0,0
"test_p00221_r0",221,0,FALSE,NA,"bayes",0.05,0.95,2.7504,9.4839,3.07842733166667,10.4361136981333,2.8717242275,3.32551856,9.622233755,11.40175135,NA,NA,NA,NA,NA,NA,NA,NA,NA,NA,NA,1.02285258218,1.02269746911888,1.01598878062111,1.02269735582566,362.478970977353,372.938405673849,565.231659341015,372.941209933797,328.006703610253,299.072427147035,0,0
"test_p03794_r0",3794,0,FALSE,NA,"bayes",0.05,0.95,2.881,10.2687,2.7966653214,10.1785871617667,2.6340404175,2.9826595,9.438053725,11.001817225,NA,NA,NA,NA,NA,NA,NA,NA,NA,NA,NA,1.01061866759176,1.00984948047011,1.00547598928831,1.00984951013625,245.182653940211,248.547934238961,313.89720362676,248.548814465996,317.574252412776,304.983666329414,0,0
"test_p04554_r0",4554,0,TRUE,NA,"bayes",0.05,0.95,2.6672,11.6512,2.45175867056667,11.5190942436667,2.3369636425,2.58250169,10.792793525,12.3607747,0.2455380475,1.567981175,FALSE,TRUE,-0.21544132943333,-0.132105756333299,0.21544132943333,0.132105756333299,3.63347044749999,1.567981175,NA,1.01271977738518,1.01215288730477,1.00935619476715,1.01215283892704,423.889310349918,423.548420725208,475.106931271958,423.549434785764,388.083105313216,424.796754157267,0,0
"test_p01773_r0",1773,0,TRUE,NA,"bayes",0.05,0.95,3.1312,13.1427,2.29497968603333,13.8535495463333,2.216619565,2.3790975475,13.163343425,14.595602625,0.1624779825,1.4322592,FALSE,FALSE,-0.83622031396667,0.7108495463333,0.83622031396667,0.7108495463333,30.2465760825,2.25799620000005,NA,1.00375778005948,1.00368620632422,1.0027530513414,1.00358342196042,447.58163084866,450.755263304323,503.287316755953,450.754840073081,486.986203466508,480.975649804462,0,0
"test_p01970_r0",1970,0,FALSE,NA,"bayes",0.05,0.95,3.2619,1.8805,3.0058410503,1.7722982978,2.8311753775,3.194564,1.649622895,1.904134335,NA,NA,NA,NA,NA,NA,NA,NA,NA,NA,NA,1.00316633029167,1.00243722838441,1.00124923811872,1.00269559251087,372.973853374633,372.908845624138,542.660204056488,372.908845624138,343.116551508532,358.957675835154,0,0
"test_p02194_r0",2194,0,FALSE,NA,"bayes",0.05,0.95,3.2922,3.1552,2.61324682296667,2.7993366942,2.4858974325,2.75318829,2.617311765,2.99107516,NA,NA,NA,NA,NA,NA,NA,NA,NA,NA,NA,1.0140861911196,1.01416133876279,1.01242525508182,1.01416128054021,391.967088938982,387.983433336811,436.426995486496,387.983350889427,463.385590465502,411.726059501964,0,0
"test_p00576_r0",576,0,FALSE,NA,"bayes",0.05,0.95,3.9236,4.304,3.7327735315,4.21788534573333,3.5340073675,3.922982745,3.9756561725,4.4472025725,NA,NA,NA,NA,NA,NA,NA,NA,NA,NA,NA,1.00430359940399,1.0040429759383,1.00091766407301,1.00404297593918,395.85145062742,397.534202207167,1186.76231911629,397.534377746745,326.239154842465,313.285732705708,0,0
"test_p00532_r0",532,0,TRUE,NA,"bayes",0.05,0.95,3.931,5.0973,4.72214112516667,5.57596707973333,4.4797530225,4.993300505,5.29968984,5.8793497,0.5135474825,0.57965986,FALSE,FALSE,0.79114112516667,0.47866707973333,0.79114112516667,0.47866707973333,22.4636683825,8.67525346000001,NA,1.01263258613584,1.01388867687462,1.00108789971178,1.01266349111918,436.890504368031,433.488945440731,2342.2813394978,433.48970292074,388.020714129509,343.379043586219,0,0
"test_p03790_r0",3790,0,TRUE,NA,"bayes",0.05,0.95,3.674,6.8004,4.10312415423333,7.14537187093333,3.889278955,4.32395205,6.7581347225,7.53479467,0.434673095,0.7766599475,FALSE,TRUE,0.42912415423333,0.34497187093333,0.42912415423333,0.34497187093333,9.045831295,0.7766599475,NA,1.00584486652234,1.00570562874251,1.00091792556742,1.00570575962576,489.030242201179,490.399216943602,2551.65239365484,490.397737252459,465.619367130906,515.515406108421,0,0
"test_p00567_r0",567,0,TRUE,NA,"bayes",0.05,0.95,3.5748,7.7325,3.04539109966667,7.10444519353333,2.8809996975,3.21059524,6.653464445,7.5471572425,0.3295955425,0.8936927975,FALSE,FALSE,-0.52940890033333,-0.62805480646667,0.52940890033333,0.62805480646667,14.8977859425,8.3074030975,NA,1.00999019794909,1.01039737852908,1.00802072754594,1.01039732111984,419.773019303833,415.593476999773,573.757435196213,415.594183200621,575.168502423729,593.350317972029,0,0
"test_p03207_r0",3207,0,TRUE,NA,"bayes",0.05,0.95,3.5805,9.506,3.9429616429,10.0561289203667,3.733229285,4.150831655,9.494551735,10.62262475,0.41760237,1.128073015,FALSE,TRUE,0.3624616429,0.550128920366699,0.3624616429,0.550128920366699,6.52677377000002,1.128073015,NA,1.00360910000243,1.0038455876614,1.00145777545409,1.00384554008556,472.717212244634,475.664917315937,1625.46800571055,475.665301494321,567.541592987517,498.505352052016,0,0
"test_p04166_r0",4166,0,FALSE,NA,"bayes",0.05,0.95,3.679,10.5509,4.20567233483333,11.5596032223333,3.9828867275,4.4276229125,10.912021775,12.198794425,NA,NA,NA,NA,NA,NA,NA,NA,NA,NA,NA,1.00396620703309,1.00473805215234,1.00018483065124,1.00485107794218,395.191292506726,400.585753240366,2765.37376444442,400.585631744207,312.862091857633,317.707698663333,0,0
"test_p03369_r0",3369,0,TRUE,NA,"bayes",0.05,0.95,3.7853,11.5834,3.83994812676667,12.1671171906667,3.6414591925,4.03966127,11.4972483,12.8507917,0.3982020775,1.3535434,TRUE,TRUE,0.0546481267666703,0.5837171906667,0.0546481267666703,0.5837171906667,0.3982020775,1.3535434,NA,1.00605543446957,1.0069495086262,1.00278334053353,1.00694948765849,439.575564895333,429.555937222278,1549.74002270758,429.556088174625,541.808620574954,588.784766595742,0,0
"test_p00435_r0",435,0,FALSE,NA,"bayes",0.05,0.95,3.8534,13.5698,3.46329403446667,13.3673870083333,3.2643218675,3.6655267475,12.500483775,14.24914725,NA,NA,NA,NA,NA,NA,NA,NA,NA,NA,NA,1.0155432444044,1.0149702987361,1.00491082113548,1.01497030584734,389.003447542658,388.71156883106,753.785035033553,388.711342932352,373.373766501247,363.935997651949,0,0
"test_p03390_r0",3390,0,TRUE,NA,"bayes",0.05,0.95,4.1752,2.1886,3.37806492166667,2.00639721783333,3.2127239975,3.5541314775,1.8982199575,2.121388165,0.34140748,0.2231682075,FALSE,FALSE,-0.79713507833333,-0.18220278216667,0.79713507833333,0.18220278216667,25.18414838,2.91164160750001,NA,1.00540193070775,1.00571912871001,1.00365016094638,1.00571921195478,451.664792228751,450.330704956593,823.103157285673,450.32910474619,556.662942061089,599.964970796702,0,0
"test_p03191_r0",3191,0,TRUE,NA,"bayes",0.05,0.95,4.4828,2.9853,4.30498676323333,2.90606073916667,4.097463325,4.52838487,2.7604944175,3.06180691,0.430921545,0.3013124925,TRUE,TRUE,-0.17781323676667,-0.0792392608333299,0.17781323676667,0.0792392608333299,0.430921545,0.3013124925,NA,1.00883350142394,1.00857881951866,1.00131903152025,1.00857881951866,426.233841590551,416.464761226251,2556.15813368803,416.46476122625,563.133798883387,486.678182076977,0,0
"test_p04077_r0",4077,0,TRUE,NA,"bayes",0.05,0.95,4.8154,4.1996,4.42252042113333,4.1653558122,4.203792185,4.6598516675,3.955130595,4.3899701625,0.4560594825,0.4348395675,FALSE,TRUE,-0.39287957886667,-0.0342441878000006,0.39287957886667,0.0342441878000006,6.67799278250002,0.4348395675,NA,1.00407213189272,1.00386426103503,0.999537285604016,1.00386426103611,438.084945783586,436.800090424923,2249.07376299235,436.799934330188,493.20639420348,502.958625223911,0,0
"test_p02463_r0",2463,0,TRUE,NA,"bayes",0.05,0.95,4.5676,5.1628,4.48571647263333,5.1412625014,4.24383673,4.720778815,4.8678228075,5.40877926,0.476942085,0.540956452500001,TRUE,TRUE,-0.0818835273666698,-0.0215374985999999,0.0818835273666698,0.0215374985999999,0.476942085,0.540956452500001,NA,1.00456840121493,1.00495241365382,1.00037468222748,1.00495237078171,428.417726664674,437.530214921407,2561.82567308844,437.530263639542,327.706196363331,401.141620117677,0,0
"test_p01903_r0",1903,0,TRUE,NA,"bayes",0.05,0.95,4.6331,6.5136,3.825179784,6.1584070884,3.62830076,4.01546649,5.8120649475,6.4917176875,0.38716573,0.67965274,FALSE,FALSE,-0.807920216,-0.355192911600001,0.807920216,0.355192911600001,25.09250613,1.55494524000003,NA,1.00741635367536,1.00815077071969,1.00285617327502,1.00787979415398,447.44863893448,441.03938734077,1060.00094913219,441.039345231707,472.528124357194,440.777070689514,0,0
"test_p01741_r0",1741,0,TRUE,NA,"bayes",0.05,0.95,4.3091,8.6909,5.98597358986667,9.7528067063,5.7062737325,6.2660866875,9.349219775,10.149553125,0.559812955,0.800333350000001,FALSE,FALSE,1.67687358986667,1.0619067063,1.67687358986667,1.0619067063,56.446762255,27.13312435,NA,1.00424863455569,1.00304685457786,1.00243684049585,1.003091150493,485.327008043411,477.221412172541,1740.65188868078,477.220782253037,575.556711937412,559.37545607577,0,0
"test_p03565_r0",3565,0,TRUE,NA,"bayes",0.05,0.95,4.0252,9.3799,4.32593633826667,9.80362031276667,4.0892847525,4.5396482375,9.25883792,10.28611945,0.450363485,1.02728153,FALSE,TRUE,0.30073633826667,0.423720312766671,0.30073633826667,0.423720312766671,3.01375358500001,1.02728153,NA,1.00237439868424,1.00231471678245,1.00077303229242,1.00223583483154,550.173752542392,538.257776812535,2841.84692663848,538.257291211923,700.813743671148,682.097804803278,0,0
"test_p01046_r0",1046,0,TRUE,NA,"bayes",0.05,0.95,4.4453,10.6898,4.66864203686667,11.0519786163333,4.4502708575,4.892822795,10.53984705,11.588194325,0.4425519375,1.048347275,FALSE,TRUE,0.22334203686667,0.362178616333299,0.22334203686667,0.362178616333299,0.641386237500002,1.048347275,NA,1.00425838237797,1.00373249162154,1.00303986423024,1.00373244358754,568.471503340313,570.48737541877,2279.48358917905,570.486149221039,677.871634314237,793.613389004235,0,0
"test_p02105_r0",2105,0,TRUE,NA,"bayes",0.05,0.95,4.7517,12.0265,5.3690536883,12.6596189096667,5.1131236,5.63733897,12.083744275,13.257091575,0.52421537,1.1733473,FALSE,FALSE,0.617353688300001,0.633118909666699,0.617353688300001,0.633118909666699,14.98115937,3.46311830000002,NA,1.00410912408218,1.00428536450972,1.00290552746578,1.00413284388331,523.872432822758,516.822263991046,1786.52558904258,516.822312174889,515.340443461869,507.59365632423,0,0
"test_p00578_r0",578,0,FALSE,NA,"bayes",0.05,0.95,4.3508,13.3716,5.29475596556667,15.08937607,5.0996049,5.4270968025,14.5616989,15.3898151,NA,NA,NA,NA,NA,NA,NA,NA,NA,NA,NA,1.01257266288821,1.01878373506146,1.0006031844384,1.01878386111274,314.060784721895,258.70832459379,1830.62974657289,258.709634227488,168.114579375203,185.047038621461,0,0
"test_p00306_r0",306,0,TRUE,NA,"bayes",0.05,0.95,6.2586,2.0104,6.88236039616667,2.1044953189,6.5704955475,7.216708165,2.023355035,2.1905290075,0.6462126175,0.1671739725,FALSE,FALSE,0.62376039616667,0.0940953189,0.62376039616667,0.0940953189,13.1220345175,0.685375372499985,NA,1.00190067352782,1.00154082782723,0.999767419986722,1.0015408492166,530.239998169418,525.47476364543,1400.62125623996,525.47442159718,622.910505499608,669.108992158061,0,0
"test_p01800_r0",1800,0,TRUE,NA,"bayes",0.05,0.95,6.0511,2.4695,4.29154422066667,2.22374696206667,4.0914700275,4.503095825,2.11630241,2.3361270425,0.4116257975,0.2198246325,FALSE,FALSE,-1.75955577933333,-0.24575303793333,1.75955577933333,0.24575303793333,62.3317927975,5.55474293250001,NA,1.00253654532544,1.00291654251051,1.00327746235543,1.00319846498245,485.485587109814,486.502547948441,2243.90688431194,486.502547948441,542.587151619603,607.829758124354,0,0
"test_p02063_r0",2063,0,TRUE,NA,"bayes",0.05,0.95,5.573,3.7398,5.45522415883333,3.79721160053333,5.2110135125,5.6910162175,3.6334492125,3.95501637,0.480002705,0.3215671575,TRUE,TRUE,-0.117775841166671,0.0574116005333303,0.117775841166671,0.0574116005333303,0.480002705,0.3215671575,NA,1.00911824729649,1.00870708301834,1.00172965758017,1.00870708051416,584.633135388356,588.999642350352,2534.41734530538,589.000083718599,583.671013369189,698.968926053688,0,0
"test_p02829_r0",2829,0,TRUE,NA,"bayes",0.05,0.95,5.0435,5.6799,4.4910925177,5.6070485834,4.2870015525,4.715314405,5.34783711,5.88527593,0.4283128525,0.537438819999999,FALSE,TRUE,-0.5524074823,-0.0728514165999998,0.5524074823,0.0728514165999998,13.5557366525,0.537438819999999,NA,1.00337482973231,1.00339166571877,0.999893886781136,1.00339173658941,554.735780850657,558.378173688351,2795.44279398387,558.377218002379,528.469930167687,537.634110780021,0,0
"test_p04629_r0",4629,0,TRUE,NA,"bayes",0.05,0.95,5.856,7.1174,7.1903826297,7.45094621386667,6.8884624125,7.5184823275,7.19128437,7.746917625,0.630019915,0.555633255,FALSE,FALSE,1.3343826297,0.33354621386667,1.3343826297,0.33354621386667,41.928516415,3.511008055,NA,1.00211362224867,1.00254582653623,1.00127353662495,1.00254548708109,517.730690055207,520.891811142462,1358.70904200914,520.896040570081,700.6780244371,665.364646804645,0,0
"test_p04496_r0",4496,0,TRUE,NA,"bayes",0.05,0.95,5.2224,7.8262,4.98217556953333,7.9277842037,4.7740639575,5.2188116475,7.5968086025,8.29705486,0.44474769,0.700246257499999,FALSE,TRUE,-0.240224430466671,0.1015842037,0.240224430466671,0.1015842037,0.588281790000018,0.700246257499999,NA,1.00716709887154,1.00610673444687,1.00222857147692,1.00610673035202,538.615044333411,541.92669605074,2641.66914851707,541.925821159094,465.834187370718,505.033080391148,0,0
"test_p03148_r0",3148,0,TRUE,NA,"bayes",0.05,0.95,5.5508,9.9916,5.06600471376667,9.68695425613333,4.8415657475,5.2916633125,9.2691961525,10.10380405,0.450097565,0.834607897500002,FALSE,TRUE,-0.48479528623333,-0.30464574386667,0.48479528623333,0.30464574386667,10.815565065,0.834607897500002,NA,1.00833237964648,1.0060443708992,1.0027411843407,1.00620260377458,540.186387964401,536.915365008377,2484.4272339081,536.916186561314,676.784579946974,636.369418874018,0,0
"test_p03267_r0",3267,0,TRUE,NA,"bayes",0.05,0.95,5.8217,11.2395,4.53010294903333,10.5275614505667,4.3365630575,4.7449159625,10.06516045,11.0312757,0.408352905,0.96611525,FALSE,FALSE,-1.29159705096667,-0.711938549433299,1.29159705096667,0.711938549433299,43.479714405,9.29508724999998,NA,1.01041534860902,1.00933596045608,1.00038071992292,1.00935128704193,502.771616171915,501.156496694135,2263.90975394321,501.156263348618,490.640863498959,417.229327815251,0,0
"test_p00855_r0",855,0,TRUE,NA,"bayes",0.05,0.95,5.4907,11.8088,4.5509927179,10.9534629793333,4.3297731775,4.7641056475,10.41265825,11.460741225,0.43433247,1.048082975,FALSE,FALSE,-0.939707282100001,-0.855337020666699,0.939707282100001,0.855337020666699,29.49810657,14.970433975,NA,1.00741664195613,1.00689691027856,1.00267394237491,1.00637946041215,427.365614906687,427.489742439492,2453.2509624884,427.490240150047,545.887065548952,511.335040712804,0,0
"test_p03033_r0",3033,0,TRUE,NA,"bayes",0.05,0.95,5.2404,13.6298,5.9637712302,14.0187446596667,5.6843747,6.2353540825,13.42525795,14.588273175,0.5509793825,1.163015225,FALSE,TRUE,0.7233712302,0.3889446596667,0.7233712302,0.3889446596667,18.3099673825,1.163015225,NA,1.00664718842409,1.00788431764342,1.00093567837995,1.00804083460789,450.327472743763,469.139221504638,1571.16358258644,469.14221350438,487.912049351072,609.553582744607,0,0
"test_p00762_r0",762,0,TRUE,NA,"bayes",0.05,0.95,6.9886,1.0921,7.5603221464,1.09907881976667,7.1919381425,7.94092531,1.057306145,1.1409850825,0.7489871675,0.0836789375,FALSE,TRUE,0.5717221464,0.00697881976667003,0.5717221464,0.00697881976667003,8.88251286749999,0.0836789375,NA,1.00630994483677,1.00684375665272,1.00114262326384,1.00684387327995,619.442614788818,630.524221248298,1181.03299768234,630.523513974641,706.304880879424,727.301293612167,0,0
"test_p01487_r0",1487,0,TRUE,NA,"bayes",0.05,0.95,6.4509,2.7117,6.35946064903333,2.71890554893333,6.0778763225,6.6354836325,2.6119513125,2.8235138725,0.55760731,0.21156256,TRUE,TRUE,-0.0914393509666702,0.00720554893332981,0.0914393509666702,0.00720554893332981,0.55760731,0.21156256,NA,1.00343302562062,1.00302785728988,1.00142306644368,1.00302785728988,413.751587125713,410.036398006824,1609.52645453794,410.036398006824,589.842885339818,594.336542492035,0,0
"test_p04615_r0",4615,0,TRUE,NA,"bayes",0.05,0.95,6.7993,3.8346,5.23621676146667,3.6041089707,5.0243553625,5.474678155,3.4650190325,3.75977509,0.450322792500001,0.2947560575,FALSE,FALSE,-1.56308323853333,-0.2304910293,1.56308323853333,0.2304910293,53.4351965925,3.28775245749999,NA,1.00224568827225,1.00193375508303,1.00037300778363,1.00193382051518,550.535175254488,546.021266183398,2276.73846864518,546.021347135572,644.183257893371,654.593214417503,0,0
"test_p03279_r0",3279,0,TRUE,NA,"bayes",0.05,0.95,7.8525,5.9521,8.47272281783333,6.24307921596667,8.1087934975,8.821899025,6.0170065925,6.451578625,0.7131055275,0.4345720325,FALSE,FALSE,0.620222817833329,0.29097921596667,0.620222817833329,0.29097921596667,10.9648454275,3.03083573249999,NA,1.00688344602793,1.00649768315783,1.0032300934611,1.00649765310461,475.184186344206,485.261274522385,1099.21192939975,485.26151717109,408.804448725908,357.152191426896,0,0
"test_p00677_r0",677,0,TRUE,NA,"bayes",0.05,0.95,7.0077,6.4186,4.10701689143333,5.50136656096667,3.934283605,4.3139567175,5.25785319,5.79222065,0.3796731125,0.53436746,FALSE,FALSE,-2.90068310856667,-0.917233439033329,2.90068310856667,0.917233439033329,108.1294044125,25.58954146,NA,1.00547593825083,1.00494196902175,1.00010022697794,1.00494193586499,652.81895393717,650.174814528527,2208.27487708609,650.176302059017,497.99525271653,494.580446030679,0,0
"test_p03907_r0",3907,0,TRUE,NA,"bayes",0.05,0.95,7.4433,7.9833,6.59894320913333,7.66113858366667,6.3291577375,6.8624549925,7.3664313375,7.9417658575,0.533297255,0.57533452,FALSE,FALSE,-0.844356790866669,-0.32216141633333,0.844356790866669,0.32216141633333,23.767097555,2.23670021999999,NA,1.00326068198812,1.00396958703703,1.00065402141811,1.00396954436424,553.855501107741,560.358998724314,1549.55030892122,560.358823622138,637.32246817428,679.929771586573,0,0
"test_p03250_r0",3250,0,TRUE,NA,"bayes",0.05,0.95,6.5079,10.0423,5.55928447476667,9.42177515846667,5.30915558,5.8274027025,9.0254972675,9.8616103925,0.5182471225,0.836113124999999,FALSE,FALSE,-0.94861552523333,-0.62052484153333,0.94861552523333,0.62052484153333,27.7381390225,8.06369742499999,NA,1.0074179413197,1.00773844286583,1.00078933875621,1.00773827848273,425.878392829882,437.090981760252,2056.09601484474,437.091126933852,324.296018673335,341.367976459185,0,0
"test_p01473_r0",1473,0,TRUE,NA,"bayes",0.05,0.95,6.4013,10.9156,7.03222368916667,11.4113160036667,6.7272373025,7.3340409975,10.9722091,11.828644325,0.606803695,0.856435225,FALSE,FALSE,0.63092368916667,0.495716003666701,0.63092368916667,0.495716003666701,13.644295795,3.12079922500004,NA,1.01129526545749,1.01327295311374,1.00248002665548,1.01349066703763,525.037123975079,545.437107146842,1492.99843256337,545.439246213609,462.329826603705,536.968886090704,0,0
"test_p01329_r0",1329,0,TRUE,NA,"bayes",0.05,0.95,7.0742,12.6107,9.28361761443333,13.262698626,8.88333357,9.6844712075,12.809006325,13.71163715,0.8011376375,0.902630824999999,FALSE,FALSE,2.20941761443333,0.651998626000001,2.20941761443333,0.651998626000001,73.1664804375,8.83488382500003,NA,1.00116653447173,1.00240992698167,0.99988481968269,1.00239992780025,505.020094999241,506.434420359102,1295.56107326617,506.434577491033,643.336599911614,585.681435018206,0,0
"test_p03434_r0",3434,0,TRUE,NA,"bayes",0.05,0.95,6.5027,12.928,6.52116687046667,12.9208606276667,6.2592177875,6.78386824,12.456951975,13.392956875,0.5246504525,0.936004899999999,TRUE,TRUE,0.0184668704666704,-0.00713937233330064,0.0184668704666704,0.00713937233330064,0.5246504525,0.936004899999999,NA,1.0124466090878,1.01416808904593,1.00445701895418,1.01494212562786,532.26429760934,525.143319341592,1591.09204529842,525.144470575563,692.086473023727,622.62785187359,0,0
"test_p00036_r0",36,0,TRUE,NA,"bayes",0.05,0.95,9.1803,1.6764,7.38247160663333,1.5771009058,7.0594543575,7.691487875,1.5181557675,1.632584315,0.6320335175,0.1144285475,FALSE,FALSE,-1.79782839336667,-0.0992990941999998,1.79782839336667,0.0992990941999998,60.1845185175,1.8670559475,NA,1.01016819417139,1.01118803658875,1.00114085337397,1.01118802148427,431.679188097435,420.230400470478,1514.09073358935,420.229709568081,498.039756881123,484.075264643762,0,0
"test_p00525_r0",525,0,TRUE,NA,"bayes",0.05,0.95,9.6942,2.3465,8.28370246256667,2.30198046843333,7.9307572525,8.662953545,2.2155568975,2.3911545625,0.7321962925,0.175597665,FALSE,TRUE,-1.41049753743333,-0.04451953156667,1.41049753743333,0.04451953156667,41.9820544925,0.175597665,NA,1.00482955306965,1.00686956378453,1.00295574696139,1.00673529236861,450.211099562085,455.916775767735,1227.42605227347,455.916754591519,459.510486012164,536.612032466066,0,0
"test_p02831_r0",2831,0,TRUE,NA,"bayes",0.05,0.95,8.2717,4.2655,8.51253708006667,4.34344278556667,8.18456746,8.883891295,4.19934691,4.505340455,0.699323835,0.305993545,TRUE,TRUE,0.240837080066671,0.0779427855666697,0.240837080066671,0.0779427855666697,0.699323835,0.305993545,NA,1.00523333427334,1.0045435964052,1.00216461380165,1.0045435964052,528.774503973721,551.91993661724,1369.6495057463,551.91993661724,464.398943336078,429.190756265739,0,0
"test_p03060_r0",3060,0,TRUE,NA,"bayes",0.05,0.95,8.3521,5.0914,6.79204921673333,4.87971078766667,6.509679535,7.0936293275,4.6973224925,5.0732127425,0.5839497925,0.37589025,FALSE,FALSE,-1.56005078326667,-0.21168921233333,1.56005078326667,0.21168921233333,50.9227766925,1.10338055000001,NA,1.00287815682828,1.00280339231069,1.00145042191101,1.00280336715868,496.253420485728,502.095734149479,1616.19258638015,502.0958530831,503.509369290684,530.10037318337,0,0
"test_p01337_r0",1337,0,TRUE,NA,"bayes",0.05,0.95,8.4756,6.4004,7.84618377026667,6.47908832563333,7.5140708375,8.16326039,6.2360898225,6.69947377,0.649189552499999,0.4633839475,FALSE,TRUE,-0.62941622973333,0.0786883256333297,0.62941622973333,0.0786883256333297,13.1427739525,0.4633839475,NA,1.00495035932077,1.00546120944348,1.00054115916416,1.00546115280596,456.283019146999,430.771040521141,1648.30868533732,430.772754300782,481.574013207445,501.577866388181,0,0
"test_p03352_r0",3352,0,TRUE,NA,"bayes",0.05,0.95,8.487,8.5909,7.42941169306667,8.31608976176667,7.128400155,7.7261829125,8.0113246575,8.6082884925,0.5977827575,0.596963835,FALSE,TRUE,-1.05758830693333,-0.27481023823333,1.05758830693333,0.27481023823333,31.0304662575,0.596963835,NA,1.00338002761348,1.00287393706849,1.00077371963716,1.00287389487623,510.768485121595,508.131757096587,1585.06769148887,508.132618221333,520.007701380731,533.360661311209,0,0
"test_p01494_r0",1494,0,TRUE,NA,"bayes",0.05,0.95,8.8206,9.7656,9.32700235866667,10.0362393338667,8.9601945725,9.7237996875,9.7149081375,10.3847147,0.763605114999999,0.6698065625,FALSE,TRUE,0.506402358666669,0.270639333866701,0.506402358666669,0.270639333866701,6.347388015,0.6698065625,NA,1.00262424893998,1.00286466392229,1.00008677240062,1.00292715353727,644.711619959466,611.912271572472,1551.6040944556,611.913720058614,651.240701236488,445.23251018415,0,0
"test_p03180_r0",3180,0,TRUE,NA,"bayes",0.05,0.95,9.9287,10.9034,10.9469280736667,10.360204874,10.808478825,10.99845235,10.208823875,10.502804075,0.189973525000001,0.2939802,FALSE,FALSE,1.0182280736667,-0.543195125999999,1.0182280736667,0.543195125999999,35.381126525,16.3178172,NA,1.00307769002132,1.00387836406552,1.00428462352716,1.0038781736376,914.863898918749,1056.28702270114,1586.91311453019,1056.29302126979,1195.07504680955,1054.63324267809,1,0
"test_p02446_r0",2446,0,TRUE,NA,"bayes",0.05,0.95,8.3754,11.9729,9.09850595786667,12.2077537063333,8.7428008375,9.4771135425,11.8058243,12.6296542,0.734312704999999,0.8238299,FALSE,TRUE,0.72310595786667,0.2348537063333,0.72310595786667,0.2348537063333,15.430346205,0.8238299,NA,1.00314240083166,1.0028667764879,1.00061802742183,1.00286676519877,630.790225256045,647.665720631498,1465.71383570569,647.665483691158,654.043339851511,707.054584215728,0,0
"test_p00491_r0",491,0,TRUE,NA,"bayes",0.05,0.95,9.3919,13.8978,8.37078675006667,13.6849930463333,8.0154187125,8.6957737425,13.19082105,14.1439263,0.680355029999999,0.95310525,FALSE,TRUE,-1.02111324993333,-0.2128069536667,1.02111324993333,0.2128069536667,28.52540533,0.95310525,NA,1.00512778366463,1.00507993210434,1.00078958141287,1.00507993091481,531.651199567929,509.515948263358,1646.21917642132,509.51690712245,686.905543950541,755.928111967167,0,0
