"statistic","tree_size","mean_time","min_time","max_time","fast","failed","timed_out","skipped"
"area_per_pair",1000,0.000330924987792969,0.000129938125610352,0.000661849975585938,TRUE,FALSE,FALSE,FALSE
"average_leaf_depth",1000,6.77903493245443e-05,5.50746917724609e-05,8.51154327392578e-05,TRUE,FALSE,FALSE,FALSE
"avg_ladder",1000,0.000153779983520508,6.60419464111328e-05,0.000310182571411133,TRUE,FALSE,FALSE,FALSE
"avg_vert_depth",1000,0.00010832150777181,7.70092010498047e-05,0.000164985656738281,TRUE,FALSE,FALSE,FALSE
"b1",1000,6.53266906738281e-05,5.10215759277344e-05,8.392333984375e-05,TRUE,FALSE,FALSE,FALSE
"b2",1000,6.57240549723307e-05,6.00814819335938e-05,7.41481781005859e-05,TRUE,FALSE,FALSE,FALSE
"beta",1000,0.00215737024943034,0.0018000602722168,0.00285911560058594,TRUE,FALSE,FALSE,FALSE
"blum",1000,5.87304433186849e-05,5.10215759277344e-05,7.10487365722656e-05,TRUE,FALSE,FALSE,FALSE
"cherries",1000,4.36305999755859e-05,3.98159027099609e-05,5.10215759277344e-05,TRUE,FALSE,FALSE,FALSE
"colless",1000,0.000150283177693685,6.00814819335938e-05,0.000298976898193359,TRUE,FALSE,FALSE,FALSE
"colless_corr",1000,7.70886739095052e-05,6.22272491455078e-05,0.000102043151855469,TRUE,FALSE,FALSE,FALSE
"colless_quad",1000,6.57240549723307e-05,5.69820404052734e-05,7.51018524169922e-05,TRUE,FALSE,FALSE,FALSE
"crown_age",1000,0.00465639432271322,0.00455999374389648,0.00480318069458008,TRUE,FALSE,FALSE,FALSE
"diameter",1000,8.03470611572266e-05,6.79492950439453e-05,0.000102996826171875,TRUE,FALSE,FALSE,FALSE
"double_cherries",1000,5.86509704589844e-05,4.79221343994141e-05,7.51018524169922e-05,TRUE,FALSE,FALSE,FALSE
"eigen_centrality",1000,10.6228368282318,10.6228368282318,10.6228368282318,FALSE,FALSE,FALSE,FALSE
"eigen_centralityW",1000,10.2001259326935,10.2001259326935,10.2001259326935,FALSE,FALSE,FALSE,FALSE
"ew_colless",1000,7.23997751871745e-05,4.91142272949219e-05,0.000110149383544922,TRUE,FALSE,FALSE,FALSE
"four_prong",1000,4.52995300292969e-05,3.98159027099609e-05,5.60283660888672e-05,TRUE,FALSE,FALSE,FALSE
"gamma",1000,0.000381310780843099,0.000223159790039062,0.000665903091430664,TRUE,FALSE,FALSE,FALSE
"i_stat",1000,8.00291697184245e-05,6.60419464111328e-05,0.000105142593383789,TRUE,FALSE,FALSE,FALSE
"il_number",1000,4.80016072591146e-05,2.90870666503906e-05,6.89029693603516e-05,TRUE,FALSE,FALSE,FALSE
"imbalance_steps",1000,0.00782132148742676,0.00693798065185547,0.00939106941223145,TRUE,FALSE,FALSE,FALSE
"j_one",1000,0.000103076299031576,8.32080841064453e-05,0.000137090682983398,TRUE,FALSE,FALSE,FALSE
"j_stat",1000,6.12735748291016e-05,4.10079956054688e-05,8.48770141601562e-05,TRUE,FALSE,FALSE,FALSE
"laplace_spectrum_a",1000,2.42613299687703,2.41441297531128,2.43606305122375,FALSE,FALSE,FALSE,FALSE
"laplace_spectrum_e",1000,2.42905871073405,2.3995189666748,2.45327806472778,FALSE,FALSE,FALSE,FALSE
"laplace_spectrum_g",1000,2.31785337130229,2.3133180141449,2.32307505607605,FALSE,FALSE,FALSE,FALSE
"laplace_spectrum_p",1000,2.31544462839762,2.26564693450928,2.39117288589478,FALSE,FALSE,FALSE,FALSE
"max_adj",1000,2.1970153649648,2.18835711479187,2.20856595039368,FALSE,FALSE,FALSE,FALSE
"max_betweenness",1000,7.73270924886068e-05,5.50746917724609e-05,0.000110864639282227,TRUE,FALSE,FALSE,FALSE
"max_closeness",1000,7.56581624348958e-05,5.79357147216797e-05,0.000108957290649414,TRUE,FALSE,FALSE,FALSE
"max_closenessW",1000,6.19888305664062e-05,5.91278076171875e-05,6.69956207275391e-05,TRUE,FALSE,FALSE,FALSE
"max_del_width",1000,6.69161478678385e-05,5.29289245605469e-05,8.98838043212891e-05,TRUE,FALSE,FALSE,FALSE
"max_depth",1000,6.00020090738932e-05,4.79221343994141e-05,6.81877136230469e-05,TRUE,FALSE,FALSE,FALSE
"max_ladder",1000,5.45978546142578e-05,4.1961669921875e-05,6.69956207275391e-05,TRUE,FALSE,FALSE,FALSE
"max_laplace",1000,2.26331369082133,2.24201798439026,2.30383706092834,FALSE,FALSE,FALSE,FALSE
"max_width",1000,3.56038411458333e-05,2.50339508056641e-05,5.29289245605469e-05,TRUE,FALSE,FALSE,FALSE
"mean_branch_length",1000,9.29832458496094e-06,5.00679016113281e-06,1.69277191162109e-05,TRUE,FALSE,FALSE,FALSE
"mean_branch_length_ext",1000,2.36829121907552e-05,2.19345092773438e-05,2.59876251220703e-05,TRUE,FALSE,FALSE,FALSE
"mean_branch_length_int",1000,2.24113464355469e-05,2.00271606445312e-05,2.50339508056641e-05,TRUE,FALSE,FALSE,FALSE
"min_adj",1000,2.17744493484497,2.16106390953064,2.20595598220825,FALSE,FALSE,FALSE,FALSE
"min_laplace",1000,2.25949271519979,2.23212909698486,2.31025004386902,FALSE,FALSE,FALSE,FALSE
"mntd",1000,0.0177237987518311,0.016167163848877,0.0191280841827393,TRUE,FALSE,FALSE,FALSE
"mpd",1000,8.27312469482422e-05,6.00814819335938e-05,0.000119209289550781,TRUE,FALSE,FALSE,FALSE
"mw_over_md",1000,7.46250152587891e-05,6.4849853515625e-05,9.10758972167969e-05,TRUE,FALSE,FALSE,FALSE
"nltt_base",1000,0.000427007675170898,0.000275135040283203,0.000715970993041992,TRUE,FALSE,FALSE,FALSE
"number_of_lineages",1000,3.4173329671224e-06,3.09944152832031e-06,4.05311584472656e-06,TRUE,FALSE,FALSE,FALSE
"phylogenetic_div",1000,0.00795904795328776,0.00788211822509766,0.00809907913208008,TRUE,FALSE,FALSE,FALSE
"pigot_rho",1000,0.00791533788045247,0.00788497924804688,0.00797104835510254,TRUE,FALSE,FALSE,FALSE
"pitchforks",1000,4.89552815755208e-05,3.98159027099609e-05,6.103515625e-05,TRUE,FALSE,FALSE,FALSE
"psv",1000,6.32603963216146e-05,6.103515625e-05,6.4849853515625e-05,TRUE,FALSE,FALSE,FALSE
"rogers",1000,4.86373901367188e-05,3.98159027099609e-05,6.103515625e-05,TRUE,FALSE,FALSE,FALSE
"root_imbalance",1000,5.91278076171875e-05,4.81605529785156e-05,7.00950622558594e-05,TRUE,FALSE,FALSE,FALSE
"rquartet",1000,5.53131103515625e-05,4.91142272949219e-05,6.4849853515625e-05,TRUE,FALSE,FALSE,FALSE
"sackin",1000,5.47568003336589e-05,5.00679016113281e-05,6.00814819335938e-05,TRUE,FALSE,FALSE,FALSE
"stairs",1000,5.26905059814453e-05,4.69684600830078e-05,6.19888305664062e-05,TRUE,FALSE,FALSE,FALSE
"stairs2",1000,5.40415445963542e-05,4.91142272949219e-05,6.29425048828125e-05,TRUE,FALSE,FALSE,FALSE
"symmetry_nodes",1000,0.0006256898244222,0.000587940216064453,0.000694990158081055,TRUE,FALSE,FALSE,FALSE
"tot_coph",1000,5.42799631754557e-05,4.98294830322266e-05,6.103515625e-05,TRUE,FALSE,FALSE,FALSE
"tot_internal_path",1000,3.66369883219401e-05,3.00407409667969e-05,4.57763671875e-05,TRUE,FALSE,FALSE,FALSE
"tot_path",1000,0.000115394592285156,0.000110149383544922,0.00011897087097168,TRUE,FALSE,FALSE,FALSE
"tree_height",1000,0.00480890274047852,0.00473690032958984,0.00486183166503906,TRUE,FALSE,FALSE,FALSE
"treeness",1000,2.56697336832682e-05,2.50339508056641e-05,2.59876251220703e-05,TRUE,FALSE,FALSE,FALSE
"var_branch_length",1000,2.3047129313151e-05,1.9073486328125e-05,2.90870666503906e-05,TRUE,FALSE,FALSE,FALSE
"var_branch_length_ext",1000,3.20275624593099e-05,2.71797180175781e-05,3.79085540771484e-05,TRUE,FALSE,FALSE,FALSE
"var_branch_length_int",1000,2.99612681070964e-05,2.38418579101562e-05,3.50475311279297e-05,TRUE,FALSE,FALSE,FALSE
"var_depth",1000,5.27699788411458e-05,3.91006469726562e-05,6.81877136230469e-05,TRUE,FALSE,FALSE,FALSE
"vpd",1000,0.00462659200032552,0.00445389747619629,0.00487494468688965,TRUE,FALSE,FALSE,FALSE
"wiener",1000,7.37508138020833e-05,6.31809234619141e-05,8.60691070556641e-05,TRUE,FALSE,FALSE,FALSE
"area_per_pair",5000,0.000499963760375977,0.000467061996459961,0.000548839569091797,TRUE,FALSE,FALSE,FALSE
"average_leaf_depth",5000,0.000238974889119466,0.000236988067626953,0.000242948532104492,TRUE,FALSE,FALSE,FALSE
"avg_ladder",5000,0.000276645024617513,0.000268936157226562,0.000284910202026367,TRUE,FALSE,FALSE,FALSE
"avg_vert_depth",5000,0.000280300776163737,0.000249862670898438,0.000311136245727539,TRUE,FALSE,FALSE,FALSE
"b1",5000,0.000229358673095703,0.000215053558349609,0.000238895416259766,TRUE,FALSE,FALSE,FALSE
"b2",5000,0.000255028406778971,0.00024104118347168,0.000272989273071289,TRUE,FALSE,FALSE,FALSE
"beta",5000,0.00821995735168457,0.0081329345703125,0.00831007957458496,TRUE,FALSE,FALSE,FALSE
"blum",5000,0.000237623850504557,0.000236034393310547,0.000238895416259766,TRUE,FALSE,FALSE,FALSE
"cherries",5000,0.000176588694254557,0.000172853469848633,0.000181913375854492,TRUE,FALSE,FALSE,FALSE
"colless",5000,0.000233729680379232,0.00021815299987793,0.000245094299316406,TRUE,FALSE,FALSE,FALSE
"colless_corr",5000,0.000219345092773438,0.000210046768188477,0.000232934951782227,TRUE,FALSE,FALSE,FALSE
"colless_quad",5000,0.00023198127746582,0.000222921371459961,0.000247001647949219,TRUE,FALSE,FALSE,FALSE
"crown_age",5000,0.160560766855876,0.150888204574585,0.169646978378296,FALSE,FALSE,FALSE,FALSE
"diameter",5000,0.000271320343017578,0.000252962112426758,0.000307798385620117,TRUE,FALSE,FALSE,FALSE
"double_cherries",5000,0.000201940536499023,0.000191926956176758,0.000208854675292969,TRUE,FALSE,FALSE,FALSE
"eigen_centrality",5000,NA,NA,NA,FALSE,FALSE,FALSE,TRUE
"eigen_centralityW",5000,NA,NA,NA,FALSE,FALSE,FALSE,TRUE
"ew_colless",5000,0.000235319137573242,0.000226974487304688,0.000244140625,TRUE,FALSE,FALSE,FALSE
"four_prong",5000,0.000181674957275391,0.000179052352905273,0.000185966491699219,TRUE,FALSE,FALSE,FALSE
"gamma",5000,0.00109235445658366,0.00106000900268555,0.00113391876220703,TRUE,FALSE,FALSE,FALSE
"i_stat",5000,0.000267982482910156,0.000249862670898438,0.000286102294921875,TRUE,FALSE,FALSE,FALSE
"il_number",5000,0.000124931335449219,0.00011897087097168,0.000129938125610352,TRUE,FALSE,FALSE,FALSE
"imbalance_steps",5000,0.1550239721934,0.154160022735596,0.15645694732666,FALSE,FALSE,FALSE,FALSE
"j_one",5000,0.000274976094563802,0.000264883041381836,0.000283956527709961,TRUE,FALSE,FALSE,FALSE
"j_stat",5000,0.000200351079305013,0.000185012817382812,0.000211000442504883,TRUE,FALSE,FALSE,FALSE
"laplace_spectrum_a",5000,NA,NA,NA,FALSE,FALSE,FALSE,TRUE
"laplace_spectrum_e",5000,NA,NA,NA,FALSE,FALSE,FALSE,TRUE
"laplace_spectrum_g",5000,NA,NA,NA,FALSE,FALSE,FALSE,TRUE
"laplace_spectrum_p",5000,NA,NA,NA,FALSE,FALSE,FALSE,TRUE
"max_adj",5000,NA,NA,NA,FALSE,FALSE,FALSE,TRUE
"max_betweenness",5000,0.000257968902587891,0.0002288818359375,0.000290870666503906,TRUE,FALSE,FALSE,FALSE
"max_closeness",5000,0.000273704528808594,0.000266075134277344,0.000284910202026367,TRUE,FALSE,FALSE,FALSE
"max_closenessW",5000,0.00030366579691569,0.000288009643554688,0.00032806396484375,TRUE,FALSE,FALSE,FALSE
"max_del_width",5000,0.000283400217692057,0.000276088714599609,0.000297069549560547,TRUE,FALSE,FALSE,FALSE
"max_depth",5000,0.00024104118347168,0.000236034393310547,0.000251054763793945,TRUE,FALSE,FALSE,FALSE
"max_ladder",5000,0.000224987665812174,0.000215053558349609,0.000236034393310547,TRUE,FALSE,FALSE,FALSE
"max_laplace",5000,NA,NA,NA,FALSE,FALSE,FALSE,TRUE
"max_width",5000,0.000120321909586589,0.000108957290649414,0.000133991241455078,TRUE,FALSE,FALSE,FALSE
"mean_branch_length",5000,1.37488047281901e-05,1.31130218505859e-05,1.50203704833984e-05,TRUE,FALSE,FALSE,FALSE
"mean_branch_length_ext",5000,9.83874003092448e-05,8.79764556884766e-05,0.000111103057861328,TRUE,FALSE,FALSE,FALSE
"mean_branch_length_int",5000,0.000102361043294271,9.70363616943359e-05,0.000107049942016602,TRUE,FALSE,FALSE,FALSE
"min_adj",5000,NA,NA,NA,FALSE,FALSE,FALSE,TRUE
"min_laplace",5000,NA,NA,NA,FALSE,FALSE,FALSE,TRUE
"mntd",5000,0.662516276041667,0.63054084777832,0.709481954574585,FALSE,FALSE,FALSE,FALSE
"mpd",5000,0.000315348307291667,0.000283002853393555,0.000370025634765625,TRUE,FALSE,FALSE,FALSE
"mw_over_md",5000,0.000327030817667643,0.000310897827148438,0.000342130661010742,TRUE,FALSE,FALSE,FALSE
"nltt_base",5000,0.00130192438761393,0.00128483772277832,0.00131392478942871,TRUE,FALSE,FALSE,FALSE
"number_of_lineages",5000,3.65575154622396e-06,2.86102294921875e-06,5.00679016113281e-06,TRUE,FALSE,FALSE,FALSE
"phylogenetic_div",5000,0.210322618484497,0.210172891616821,0.210438013076782,FALSE,FALSE,FALSE,FALSE
"pigot_rho",5000,0.210052967071533,0.209711074829102,0.210733890533447,FALSE,FALSE,FALSE,FALSE
"pitchforks",5000,0.00017396608988444,0.000162124633789062,0.000191926956176758,TRUE,FALSE,FALSE,FALSE
"psv",5000,0.000250975290934245,0.000247955322265625,0.000257015228271484,TRUE,FALSE,FALSE,FALSE
"rogers",5000,0.000193993250528971,0.000185966491699219,0.000200986862182617,TRUE,FALSE,FALSE,FALSE
"root_imbalance",5000,0.000241597493489583,0.000238895416259766,0.000244855880737305,TRUE,FALSE,FALSE,FALSE
"rquartet",5000,0.000229438145955404,0.00021815299987793,0.000239133834838867,TRUE,FALSE,FALSE,FALSE
"sackin",5000,0.000227689743041992,0.000215053558349609,0.000246047973632812,TRUE,FALSE,FALSE,FALSE
"stairs",5000,0.000230312347412109,0.000223875045776367,0.000242948532104492,TRUE,FALSE,FALSE,FALSE
"stairs2",5000,0.000233570734659831,0.000221967697143555,0.00025486946105957,TRUE,FALSE,FALSE,FALSE
"symmetry_nodes",5000,0.00327293078104655,0.00316596031188965,0.00348401069641113,TRUE,FALSE,FALSE,FALSE
"tot_coph",5000,0.000211954116821289,0.000201940536499023,0.000222921371459961,TRUE,FALSE,FALSE,FALSE
"tot_internal_path",5000,0.000145753224690755,0.000142097473144531,0.00014805793762207,TRUE,FALSE,FALSE,FALSE
"tot_path",5000,0.000497023264567057,0.000487089157104492,0.000511884689331055,TRUE,FALSE,FALSE,FALSE
"tree_height",5000,0.149630626042684,0.14953088760376,0.149742126464844,FALSE,FALSE,FALSE,FALSE
"treeness",5000,9.40163930257161e-05,9.20295715332031e-05,9.79900360107422e-05,TRUE,FALSE,FALSE,FALSE
"var_branch_length",5000,4.10079956054688e-05,3.48091125488281e-05,5.00679016113281e-05,TRUE,FALSE,FALSE,FALSE
"var_branch_length_ext",5000,9.06785329182943e-05,8.70227813720703e-05,9.39369201660156e-05,TRUE,FALSE,FALSE,FALSE
"var_branch_length_int",5000,9.87052917480469e-05,9.20295715332031e-05,0.000102996826171875,TRUE,FALSE,FALSE,FALSE
"var_depth",5000,0.000181277592976888,0.000171899795532227,0.000195026397705078,TRUE,FALSE,FALSE,FALSE
"vpd",5000,0.13096030553182,0.125679969787598,0.138662099838257,FALSE,FALSE,FALSE,FALSE
"wiener",5000,0.000235716501871745,0.000210046768188477,0.000267982482910156,TRUE,FALSE,FALSE,FALSE
"area_per_pair",10000,0.00146365165710449,0.00126409530639648,0.00176596641540527,TRUE,FALSE,FALSE,FALSE
"average_leaf_depth",10000,0.00057522455851237,0.000442981719970703,0.000832796096801758,TRUE,FALSE,FALSE,FALSE
"avg_ladder",10000,0.000860293706258138,0.000838994979858398,0.000890016555786133,TRUE,FALSE,FALSE,FALSE
"avg_vert_depth",10000,0.000746329625447591,0.000513076782226562,0.000885963439941406,TRUE,FALSE,FALSE,FALSE
"b1",10000,0.000577290852864583,0.00046992301940918,0.000785112380981445,TRUE,FALSE,FALSE,FALSE
"b2",10000,0.00070961316426595,0.000524997711181641,0.000826835632324219,TRUE,FALSE,FALSE,FALSE
"beta",10000,0.0210862954457601,0.0209159851074219,0.0212819576263428,TRUE,FALSE,FALSE,FALSE
"blum",10000,0.000680685043334961,0.000485897064208984,0.000792026519775391,TRUE,FALSE,FALSE,FALSE
"cherries",10000,0.000462770462036133,0.000375986099243164,0.000635147094726562,TRUE,FALSE,FALSE,FALSE
"colless",10000,0.000627676645914714,0.000463962554931641,0.000730991363525391,TRUE,FALSE,FALSE,FALSE
"colless_corr",10000,0.000554084777832031,0.000464200973510742,0.000707149505615234,TRUE,FALSE,FALSE,FALSE
"colless_quad",10000,0.000628312428792318,0.000478029251098633,0.000715017318725586,TRUE,FALSE,FALSE,FALSE
"crown_age",10000,0.643895387649536,0.639610052108765,0.649377107620239,FALSE,FALSE,FALSE,FALSE
"diameter",10000,0.000871578852335612,0.000696897506713867,0.00117778778076172,TRUE,FALSE,FALSE,FALSE
"double_cherries",10000,0.000446081161499023,0.000371217727661133,0.000590085983276367,TRUE,FALSE,FALSE,FALSE
"eigen_centrality",10000,NA,NA,NA,FALSE,FALSE,FALSE,TRUE
"eigen_centralityW",10000,NA,NA,NA,FALSE,FALSE,FALSE,TRUE
"ew_colless",10000,0.00060431162516276,0.000468969345092773,0.000694036483764648,TRUE,FALSE,FALSE,FALSE
"four_prong",10000,0.000437021255493164,0.000370979309082031,0.000555038452148438,TRUE,FALSE,FALSE,FALSE
"gamma",10000,0.00215371449788411,0.00212311744689941,0.00221419334411621,TRUE,FALSE,FALSE,FALSE
"i_stat",10000,0.000585794448852539,0.00048518180847168,0.000641107559204102,TRUE,FALSE,FALSE,FALSE
"il_number",10000,0.000284671783447266,0.00023198127746582,0.000379085540771484,TRUE,FALSE,FALSE,FALSE
"imbalance_steps",10000,0.539928356806437,0.537076950073242,0.542366981506348,FALSE,FALSE,FALSE,FALSE
"j_one",10000,0.00055233637491862,0.000526905059814453,0.000586986541748047,TRUE,FALSE,FALSE,FALSE
"j_stat",10000,0.000378290812174479,0.000366926193237305,0.000384092330932617,TRUE,FALSE,FALSE,FALSE
"laplace_spectrum_a",10000,NA,NA,NA,FALSE,FALSE,FALSE,TRUE
"laplace_spectrum_e",10000,NA,NA,NA,FALSE,FALSE,FALSE,TRUE
"laplace_spectrum_g",10000,NA,NA,NA,FALSE,FALSE,FALSE,TRUE
"laplace_spectrum_p",10000,NA,NA,NA,FALSE,FALSE,FALSE,TRUE
"max_adj",10000,NA,NA,NA,FALSE,FALSE,FALSE,TRUE
"max_betweenness",10000,0.000487327575683594,0.000473976135253906,0.000494956970214844,TRUE,FALSE,FALSE,FALSE
"max_closeness",10000,0.000563939412434896,0.000561952590942383,0.000567913055419922,TRUE,FALSE,FALSE,FALSE
"max_closenessW",10000,0.000607887903849284,0.00059199333190918,0.000621795654296875,TRUE,FALSE,FALSE,FALSE
"max_del_width",10000,0.000512282053629557,0.000494003295898438,0.000524044036865234,TRUE,FALSE,FALSE,FALSE
"max_depth",10000,0.000447750091552734,0.000440120697021484,0.000453948974609375,TRUE,FALSE,FALSE,FALSE
"max_ladder",10000,0.000420411427815755,0.000404119491577148,0.000445127487182617,TRUE,FALSE,FALSE,FALSE
"max_laplace",10000,NA,NA,NA,FALSE,FALSE,FALSE,TRUE
"max_width",10000,0.000238339106241862,0.000231027603149414,0.000247001647949219,TRUE,FALSE,FALSE,FALSE
"mean_branch_length",10000,2.2729237874349e-05,2.09808349609375e-05,2.50339508056641e-05,TRUE,FALSE,FALSE,FALSE
"mean_branch_length_ext",10000,0.000175714492797852,0.000156164169311523,0.000190973281860352,TRUE,FALSE,FALSE,FALSE
"mean_branch_length_int",10000,0.000187397003173828,0.000185966491699219,0.000188112258911133,TRUE,FALSE,FALSE,FALSE
"min_adj",10000,NA,NA,NA,FALSE,FALSE,FALSE,TRUE
"min_laplace",10000,NA,NA,NA,FALSE,FALSE,FALSE,TRUE
"mntd",10000,2.64712468783061,2.44439005851746,2.78265595436096,FALSE,FALSE,FALSE,FALSE
"mpd",10000,0.000571886698404948,0.000537872314453125,0.00061488151550293,TRUE,FALSE,FALSE,FALSE
"mw_over_md",10000,0.000607967376708984,0.000592947006225586,0.000628948211669922,TRUE,FALSE,FALSE,FALSE
"nltt_base",10000,0.00248034795125326,0.00242114067077637,0.00255203247070312,TRUE,FALSE,FALSE,FALSE
"number_of_lineages",10000,3.09944152832031e-06,2.14576721191406e-06,4.05311584472656e-06,TRUE,FALSE,FALSE,FALSE
"phylogenetic_div",10000,0.96716300646464,0.936918020248413,0.994355916976929,FALSE,FALSE,FALSE,FALSE
"pigot_rho",10000,0.946579694747925,0.918200969696045,0.965713977813721,FALSE,FALSE,FALSE,FALSE
"pitchforks",10000,0.000386635462443034,0.000375032424926758,0.000394821166992188,TRUE,FALSE,FALSE,FALSE
"psv",10000,0.000562032063802083,0.000550985336303711,0.000576019287109375,TRUE,FALSE,FALSE,FALSE
"rogers",10000,0.000379006067911784,0.000360965728759766,0.000401020050048828,TRUE,FALSE,FALSE,FALSE
"root_imbalance",10000,0.000483353932698568,0.000462055206298828,0.000518083572387695,TRUE,FALSE,FALSE,FALSE
"rquartet",10000,0.000474691390991211,0.000455141067504883,0.000503063201904297,TRUE,FALSE,FALSE,FALSE
"sackin",10000,0.000461181004842122,0.000449180603027344,0.000474214553833008,TRUE,FALSE,FALSE,FALSE
"stairs",10000,0.000461657842000326,0.000455141067504883,0.00046992301940918,TRUE,FALSE,FALSE,FALSE
"stairs2",10000,0.000568310419718424,0.000452041625976562,0.000772953033447266,TRUE,FALSE,FALSE,FALSE
"symmetry_nodes",10000,0.00726405779520671,0.00707817077636719,0.00755119323730469,TRUE,FALSE,FALSE,FALSE
"tot_coph",10000,0.000524361928304036,0.000461101531982422,0.000562906265258789,TRUE,FALSE,FALSE,FALSE
"tot_internal_path",10000,0.00034332275390625,0.000305891036987305,0.000401973724365234,TRUE,FALSE,FALSE,FALSE
"tot_path",10000,0.00111865997314453,0.00111103057861328,0.00112295150756836,TRUE,FALSE,FALSE,FALSE
"tree_height",10000,0.644111235936483,0.641479015350342,0.647220849990845,FALSE,FALSE,FALSE,FALSE
"treeness",10000,0.000219980875651042,0.000193119049072266,0.000265836715698242,TRUE,FALSE,FALSE,FALSE
"var_branch_length",10000,7.56581624348958e-05,6.60419464111328e-05,9.48905944824219e-05,TRUE,FALSE,FALSE,FALSE
"var_branch_length_ext",10000,0.000226418177286784,0.000215053558349609,0.000234127044677734,TRUE,FALSE,FALSE,FALSE
"var_branch_length_int",10000,0.000222921371459961,0.000217914581298828,0.00023198127746582,TRUE,FALSE,FALSE,FALSE
"var_depth",10000,0.000436941782633464,0.000379085540771484,0.000516891479492188,TRUE,FALSE,FALSE,FALSE
"vpd",10000,0.543457667032878,0.538099050521851,0.551167964935303,FALSE,FALSE,FALSE,FALSE
"wiener",10000,0.000610033671061198,0.000573873519897461,0.000662088394165039,TRUE,FALSE,FALSE,FALSE
