"feature","series_length","mean_time","sd_time","n_reps","timed_out","skipped","error","is_fixed_length","output_length"
"acf_features",100,0.000768661499023438,2.75999756549474e-05,3,FALSE,FALSE,NA,TRUE,6
"arch_stat",100,0.000341097513834635,1.08115224175001e-05,3,FALSE,FALSE,NA,TRUE,1
"crossing_points",100,2.71002451578776e-05,1.78946340071324e-06,3,FALSE,FALSE,NA,TRUE,1
"entropy",100,0.000234365463256836,5.1577824718437e-06,3,FALSE,FALSE,NA,TRUE,1
"flat_spots",100,2.70207722981771e-05,9.63557215768666e-07,3,FALSE,FALSE,NA,TRUE,1
"heterogeneity",100,0.00134936968485514,8.725283970069e-05,3,FALSE,FALSE,NA,TRUE,4
"holt_parameters",100,0.00239435831705729,0.00085411972142597,3,FALSE,FALSE,NA,TRUE,2
"hw_parameters",100,4.3789545694987e-05,1.985231399027e-06,3,FALSE,FALSE,NA,TRUE,3
"lumpiness",100,0.000224908192952474,2.43190846380807e-05,3,FALSE,FALSE,NA,TRUE,1
"max_kl_shift",100,0.00111500422159831,9.89461040590272e-06,3,FALSE,FALSE,NA,TRUE,2
"max_level_shift",100,2.90075937906901e-05,2.98102686143097e-06,3,FALSE,FALSE,NA,TRUE,2
"max_var_shift",100,4.06901041666667e-05,5.50604123296381e-07,3,FALSE,FALSE,NA,TRUE,2
"nonlinearity",100,0.000764290491739909,1.04614783426312e-05,3,FALSE,FALSE,NA,TRUE,1
"pacf_features",100,0.00118335088094076,0.000147460172571741,3,FALSE,FALSE,NA,TRUE,3
"stl_features",100,0.00209426879882812,1.10524434914582e-05,3,FALSE,FALSE,NA,TRUE,8
"stability",100,0.000206947326660156,1.23495300640773e-05,3,FALSE,FALSE,NA,TRUE,1
"unitroot_kpss",100,0.000169992446899414,5.00679016113281e-06,3,FALSE,FALSE,NA,TRUE,1
"unitroot_pp",100,0.000552733739217122,4.77637176145865e-05,3,FALSE,FALSE,NA,TRUE,1
"autocorr_features",100,0.000281572341918945,1.01348930868303e-05,3,FALSE,FALSE,NA,TRUE,7
"binarize_mean",100,NA,NA,0,FALSE,FALSE,"VARIABLE_LENGTH",FALSE,NA
"firstzero_ac",100,5.19752502441406e-05,1.65181236988914e-06,3,FALSE,FALSE,NA,TRUE,1
"hurst",100,0.000316301981608073,3.39947886189415e-05,3,FALSE,FALSE,NA,TRUE,1
"zero_proportion",100,8.98043314615885e-06,1.37651030824095e-07,3,FALSE,FALSE,NA,TRUE,1
"compengine",100,0.133576313654582,0.00467355761567201,3,FALSE,FALSE,NA,TRUE,16
"dist_features",100,0.0057526429494222,0.00165091953621906,3,FALSE,FALSE,NA,TRUE,2
"pred_features",100,0.0477015972137451,0.00125081714821927,3,FALSE,FALSE,NA,TRUE,3
"scal_features",100,0.0672430197397868,0.00339627447805538,3,FALSE,FALSE,NA,TRUE,1
"station_features",100,0.0110650062561035,0.00117701116818832,3,FALSE,FALSE,NA,TRUE,3
"series_length",100,1.98682149251302e-06,1.37651030824095e-07,3,FALSE,FALSE,NA,TRUE,1
"linearity_curvature",100,0.000301917394002279,1.44520472148722e-05,3,FALSE,FALSE,NA,TRUE,2
"arch_garch_features",100,0.107160329818726,0.0130601433860724,3,FALSE,FALSE,NA,TRUE,4
"acf_features",500,0.000886678695678711,2.10173787130398e-05,3,FALSE,FALSE,NA,TRUE,NA
"arch_stat",500,0.000593026479085286,6.31846720705063e-06,3,FALSE,FALSE,NA,TRUE,NA
"crossing_points",500,4.36305999755859e-05,3.74704209458869e-06,3,FALSE,FALSE,NA,TRUE,NA
"entropy",500,0.000553528467814128,3.60054156807816e-05,3,FALSE,FALSE,NA,TRUE,NA
"flat_spots",500,4.76837158203125e-05,5.6066398698353e-06,3,FALSE,FALSE,NA,TRUE,NA
"heterogeneity",500,0.0022892951965332,0.000373760723984862,3,FALSE,FALSE,NA,TRUE,NA
"holt_parameters",500,0.00420029958089193,0.000506191916150117,3,FALSE,FALSE,NA,TRUE,NA
"hw_parameters",500,5.22931416829427e-05,2.40002773134573e-06,3,FALSE,FALSE,NA,TRUE,NA
"lumpiness",500,0.000453631083170573,1.99622472187014e-05,3,FALSE,FALSE,NA,TRUE,NA
"max_kl_shift",500,0.00490037600199382,0.000187793392136353,3,FALSE,FALSE,NA,TRUE,NA
"max_level_shift",500,4.32332356770833e-05,4.53831085690474e-06,3,FALSE,FALSE,NA,TRUE,NA
"max_var_shift",500,0.000104029973347982,3.57097656546608e-06,3,FALSE,FALSE,NA,TRUE,NA
"nonlinearity",500,0.000899632771809896,6.09271825468115e-05,3,FALSE,FALSE,NA,TRUE,NA
"pacf_features",500,0.00267267227172852,0.00278466396876386,3,FALSE,FALSE,NA,TRUE,NA
"stl_features",500,0.00227133433024089,8.81137569073559e-05,3,FALSE,FALSE,NA,TRUE,NA
"stability",500,0.000359694163004557,6.71957010394032e-06,3,FALSE,FALSE,NA,TRUE,NA
"unitroot_kpss",500,0.000228961308797201,4.63013136608758e-05,3,FALSE,FALSE,NA,TRUE,NA
"unitroot_pp",500,0.000588337580362956,2.30778018691815e-05,3,FALSE,FALSE,NA,TRUE,NA
"autocorr_features",500,0.00104069709777832,3.16235081548236e-05,3,FALSE,FALSE,NA,TRUE,NA
"binarize_mean",500,1.26361846923828e-05,6.30796268240116e-07,3,FALSE,FALSE,NA,TRUE,NA
"firstzero_ac",500,0.000160296758015951,1.27778420233828e-05,3,FALSE,FALSE,NA,TRUE,NA
"hurst",500,0.000936269760131836,3.16154183468833e-05,3,FALSE,FALSE,NA,TRUE,NA
"zero_proportion",500,1.39872233072917e-05,1.07508891888211e-06,3,FALSE,FALSE,NA,TRUE,NA
"compengine",500,0.717775265375773,0.00918785908730667,3,FALSE,FALSE,NA,TRUE,NA
"dist_features",500,0.00584967931111654,0.000291272703725706,3,FALSE,FALSE,NA,TRUE,NA
"pred_features",500,0.438566605250041,0.0281148834224532,3,FALSE,FALSE,NA,TRUE,NA
"scal_features",500,0.28712272644043,0.0109117604859146,3,FALSE,FALSE,NA,TRUE,NA
"station_features",500,0.0130363305409749,0.000653119024073331,3,FALSE,FALSE,NA,TRUE,NA
"series_length",500,1.98682149251302e-06,1.37651030824095e-07,3,FALSE,FALSE,NA,TRUE,NA
"linearity_curvature",500,0.000373045603434245,4.43056738051299e-06,3,FALSE,FALSE,NA,TRUE,NA
"arch_garch_features",500,0.0691095987955729,0.0850855551581821,3,FALSE,FALSE,NA,TRUE,NA
"acf_features",1000,0.000987052917480469,2.86886015986426e-05,3,FALSE,FALSE,NA,TRUE,NA
"arch_stat",1000,0.000932057698567708,2.4454278035182e-05,3,FALSE,FALSE,NA,TRUE,NA
"crossing_points",1000,5.22931416829427e-05,2.20241649318552e-06,3,FALSE,FALSE,NA,TRUE,NA
"entropy",1000,0.00113574663798014,9.52798719583023e-05,3,FALSE,FALSE,NA,TRUE,NA
"flat_spots",1000,5.92867533365885e-05,4.84132589038786e-06,3,FALSE,FALSE,NA,TRUE,NA
"heterogeneity",1000,0.00313329696655273,0.000118922126125934,3,FALSE,FALSE,NA,TRUE,NA
"holt_parameters",1000,0.011484702428182,0.00370083872472129,3,FALSE,FALSE,NA,TRUE,NA
"hw_parameters",1000,4.93526458740234e-05,3.04392464990704e-06,3,FALSE,FALSE,NA,TRUE,NA
"lumpiness",1000,0.000646352767944336,2.40684706952996e-05,3,FALSE,FALSE,NA,TRUE,NA
"max_kl_shift",1000,0.010625680287679,0.00219777971097363,3,FALSE,FALSE,NA,TRUE,NA
"max_level_shift",1000,5.11010487874349e-05,2.02772630408177e-06,3,FALSE,FALSE,NA,TRUE,NA
"max_var_shift",1000,0.000185887018839518,2.61536958565781e-06,3,FALSE,FALSE,NA,TRUE,NA
"nonlinearity",1000,0.000946998596191406,4.20935411828257e-05,3,FALSE,FALSE,NA,TRUE,NA
"pacf_features",1000,0.00128634770711263,2.91186432296235e-05,3,FALSE,FALSE,NA,TRUE,NA
"stl_features",1000,0.0045323371887207,0.00287109892515531,3,FALSE,FALSE,NA,TRUE,NA
"stability",1000,0.000565687815348307,2.09283895732283e-05,3,FALSE,FALSE,NA,TRUE,NA
"unitroot_kpss",1000,0.00023961067199707,5.6066398698353e-06,3,FALSE,FALSE,NA,TRUE,NA
"unitroot_pp",1000,0.000767310460408529,7.20096472920602e-05,3,FALSE,FALSE,NA,TRUE,NA
"autocorr_features",1000,0.00205429395039876,4.45787490984228e-05,3,FALSE,FALSE,NA,TRUE,NA
"binarize_mean",1000,1.46230061848958e-05,6.88255154120476e-07,3,FALSE,FALSE,NA,TRUE,NA
"firstzero_ac",1000,0.000489075978597005,3.57097656546608e-06,3,FALSE,FALSE,NA,TRUE,NA
"hurst",1000,0.00157499313354492,6.55351917327417e-05,3,FALSE,FALSE,NA,TRUE,NA
"zero_proportion",1000,1.59740447998047e-05,1.19209289550781e-06,3,FALSE,FALSE,NA,TRUE,NA
"compengine",1000,1.95062033335368,0.037274975158506,3,FALSE,FALSE,NA,TRUE,NA
"dist_features",1000,0.00735735893249512,0.000383311015102759,3,FALSE,FALSE,NA,TRUE,NA
"pred_features",1000,1.37047974268595,0.0132953691326511,3,FALSE,FALSE,NA,TRUE,NA
"scal_features",1000,0.558594624201457,0.0037391415112701,3,FALSE,FALSE,NA,TRUE,NA
"station_features",1000,0.0169472694396973,0.00215152472703946,3,FALSE,FALSE,NA,TRUE,NA
"series_length",1000,2.46365865071615e-06,5.50604123296381e-07,3,FALSE,FALSE,NA,TRUE,NA
"linearity_curvature",1000,0.0015866756439209,0.00184406370844961,3,FALSE,FALSE,NA,TRUE,NA
"arch_garch_features",1000,0.0283613204956055,0.00497587840341074,3,FALSE,FALSE,NA,TRUE,NA
